property_type,neighborhood,address,room_num,floor,area,garden_area,days_to_enter,num_of_payments,monthly_arnona,building_tax,total_floors,description,has_parking,has_storage,elevator,ac,handicap,has_bars,has_safe_room,has_balcony,is_furnished,is_renovated,price,num_of_images,distance_from_center,link
דירה,הצפון הישן החלק הצפוני,שמעון התרסי 4,1.0,0,23,0,0,12,0,50,4,"הצפון הישן דירה של חדר כ - 23 מטר. משופצת מקסימה איוכתית ויפה. בדירה נשאר: מיטה, מקרר קטן, מיקורגל למכירה: מקרר גדול, טלוויזיה, שולחן, ארון כניסה מידית.",0,0,0,1,0,1,0,0,0,1,4000.0,3,3749.0,https://www.ad.co.il/ad/14809835
דירה,הצפון הישן החלק הצפוני,עובדיה מברטנורה 10,1.5,4,38,0,0,6,0,110,4,"דירת גג חמודה במתחם באזל שקטה - דירה יחידה בקומה ללא שכנים בקרבה לפארק הירקון, דיזנגוף, ים, מסעדות וחניון ציבורי.",0,0,0,0,0,0,0,1,0,0,6900.0,7,3622.0,https://www.ad.co.il/ad/14399889
דירה,הצפון הישן החלק הצפוני,אוסישקין 20,3.0,4,60,0,0,12,0,200,5,"דירה חדשה מקבלן בקומה החדשה של בניין לאחר תמ""א. 3 חדרים: סלון, מטבח, חדר רחצה אחד ושני חדרי שינה. דירה יפהיפיה בסטנדרטים גבוהים. דירה עורפית ושקטה, קומה 4 עם מעלית ברחוב אוסישקין מול פארק הירקון, הנמל וחוף מציצים.",0,0,1,1,1,0,0,0,0,0,9300.0,15,3667.0,https://www.ad.co.il/ad/13271848
סטודיו/לופט,הצפון הישן החלק הצפוני,חבקוק 3,2.0,2,50,0,0,12,0,200,4,"לופט החלומות באזור הכי מבוקש בתל אביב על חוף מציצים, נוף לים 50 מ״ר קומה שנייה+ מעלית ועד 200 ש״ח חניה בתוספת תשלום",0,0,1,1,0,0,0,0,0,1,5500.0,3,4327.0,https://www.ad.co.il/ad/16060360
דירה,הצפון הישן החלק הצפוני,בזל 6,2.0,3,70,0,0,12,0,150,4,"רחוב: בזל הצפון הישן - מתחם בזל דירה של 2 חדרים, כ- 70 מטר,עם יציאה למרפסת שמש להרגש בכפר לחיות בעיר פונה לרחוב שדרות היוצר, שקט ברמה,הכל ירוק ומקסים סלון מרווח עם פינת אוכל מטבח פתוח. חדר שינה עם מזגן וארון. קומה 3 לא מעלית,בניין עם מקלט. כניסה: 6.2.2024",0,0,0,1,0,0,0,1,0,1,6500.0,7,2419.0,https://www.ad.co.il/ad/16067046
דירה,הצפון הישן החלק הצפוני,אוסישקין 33,2.0,3,53,0,0,12,0,200,6,"רחוב: אוסישקין הצפון הישן דירה של 2 חדרים,כ - 53 מטר,משופצת מקסימה איוכתית ויפה. פונה לפארק !! סלון עם פינת אוכל. חדר שינה עם מזגן מקסימה ואיכותית. בניין מטופח ומסודר. קומה 3 ללא מעלית. כניסה: 1.10.2023",0,0,0,1,0,1,0,1,0,1,8000.0,3,3725.0,https://www.ad.co.il/ad/15942798
דירה,הצפון הישן החלק הצפוני,הר נבו  4,2.0,2,70,0,0,12,0,250,4,הצפון הישן דירת 2 חדרים 70 מ״ר עם מרפסת שמש יפה טובלת בירוק ! נוף מדהים ! מוארת ומאווררת מאוד ! מקלחת שרותיים ומטבח משופצים יפה ! דוד שמש. הדירה מושלמת לשותפים או לזוגות ! תאריך כניסה 18/1,0,0,0,1,0,0,0,1,0,0,7250.0,2,2833.0,https://www.ad.co.il/ad/14941177
דירה,הצפון הישן החלק הצפוני,הבשן 6,2.5,2,68,0,0,12,0,200,4,"הצפון הישן דירה של 2.5 חדרים,כ - 68 מטר,משופצת מקסימה איוכתית,פונה לחזית רחוב שקט חצי חדר עם ארון קיר משופצת יפה,מוארת ומסודרת. קומה ראשונה עם מעלית בניין ללא מקלט,ממ""ד. כניסה 1.8",0,0,1,1,0,0,0,0,0,1,8500.0,7,2923.0,https://www.ad.co.il/ad/16190747
דירה,הצפון הישן החלק הצפוני,בן יהודה 199,3.0,5,75,0,0,12,0,350,7,"הצפון הישן דירה של 3 חדרים,כ - 75 מטר בניין חדש !! סלון עם מטבח פתוח. חדרי שינה עם מזגנים. קומה גבוה בניין איוכתית. בניין עם מעלית. כניסה מידית.",0,0,1,1,0,0,0,1,0,1,9200.0,9,2811.0,https://www.ad.co.il/ad/13771670
דירה,הצפון הישן החלק הצפוני,סוקולוב 33,3.0,1,85,0,0,12,0,290,5,"הצפון הישן דירה של 3 חדרים,כ - 85 מטר מסודרת מוארת מקסימה ואיכותית. סלון עם פינת אוכל \ פלוס פינת עבודה. חדרים שינה עם מזגנים,עם ארון קיר. מטבח נטו עם יציאה למרפסת שרות. מוארת שלושה כוון אויר חניה פרטית,ומעלית כניסה: 1.8.21",1,0,1,1,0,1,0,1,0,0,7900.0,4,2681.0,https://www.ad.co.il/ad/12207586
דירה,הצפון הישן החלק הצפוני,דיזנגוף 294,3.0,3,90,0,0,12,0,105,3,"דירת 3 חדרים גדולה ומרווחת, 90 מ""ר על דיזנגוף, בין יחזקאל לירמיהו. יש הול גדול בכניסה לדירה (בנוסף לשלושת החדרים ). החדרים גדולים עם תקרות גבוהות. 2 מרפסות- אחת פתוחה על דיזנגוף ואחת חצי פתוחה ומקורה. השירותים והאמבטיה מופרדים. מטבח פרקטי עם מרפסת שירות. הדירה במרחק הליכה של 5 דקות מפארק הירקון, מנמל תל אביב ומחוף הים. בעלי חיים מתקבלים באהבה.",0,0,0,1,0,0,0,1,0,0,8250.0,10,2762.0,https://www.ad.co.il/ad/16178023
דירה,הצפון הישן החלק הצפוני,הירקון 234,4.5,1,120,0,0,12,0,120,4,בפריים לוקיישן מול חוף הילטון ברחוב קטן ושקט כניסה 1.4 דירה סופר שווה!!עם גג משותף של הבניין מושלמת ל 3 שותפים !!! דירת 4.5 חדרים מרווחת קומה 2 ללא מעלית (קומה אחרונה)ליד הגג הדירה נמצאת בקומה אחרונה יש גג משותף לבניין כ85 מטר תיאור הדירה - סלון +3 חדרי שינה ישנו חדר שינה אחד עם שירותים ומקלחת צמודים המטבח רחב ומרווח ובנפרד שקטה ומוארת פונה לירוק ריהוט קיים תנור וגז בנוסף ישנו חצי חדר קטן לחדר עבודה דירה בהחלט שווה במיקום נדיר !! כניסה - 1.4,0,0,0,1,0,1,0,1,0,1,11000.0,14,2849.0,https://www.ad.co.il/ad/13556872
דירה,הצפון הישן החלק הצפוני,שדרות נורדאו 15,1.0,2,20,0,0,12,0,60,4,"דירה של 20 מטר, משופצת ומסודרת מטבח עם גז. מקלחת ושרתים ביחיד. בניין עם מעלית,קודן. כניסה מידית. נייד - 055-7241066 - קאזה אל גרופ נכסים בתל אביב",0,0,1,1,0,0,0,0,0,1,3300.0,3,3669.0,https://www.ad.co.il/ad/16142349
כללי,הצפון הישן החלק הצפוני,יוחנן הורקנוס 12,2.0,0,90,0,0,12,0,50,0,"דרושים לעבודה עכשיו! בקלדנות, בכתיבה, הזנת תוכן ונתונים, והעתק הדבק! משרה מלאה או חלקית מהבית לבחירתכם! שכר גבוה במיוחד! (מספר משרה - 516832383) שעות עבודה גמישות ביום יום! לפרטים נוספים ולכל שאלה ניתן לפנות לוואטספ 052-4313764",0,0,0,0,0,0,0,0,0,0,12.0,0,3368.0,https://www.ad.co.il/ad/15981987
דירה להשכרה,הצפון הישן החלק הצפוני,זנגביל,2.5,1,70,0,0,12,0,0,4,"מיקום מצויין בקרבת בזל.שקטה,עורפית,מוארת,שמורה.מעלית ,חניה .מתאימה לזוג +.אפשרות לטווח רחוק.",1,0,1,1,0,0,0,0,0,0,9700.0,0,3688.0,https://www.ad.co.il/ad/6243591
כללי,הצפון הישן החלק הצפוני,בזל 34,1.0,0,17,0,0,12,0,85,4,"להשכרה חנות מקסימה במיקום מעולה ברחוב בזל בת""א, החנות נמצאת בצד הבנין (לא בחזית). מתאים גם למשרד",0,0,0,0,0,0,0,0,0,0,3000.0,2,2691.0,https://www.ad.co.il/ad/14289247
דירה,הצפון הישן החלק הצפוני,ז'בוטינסקי 67,3.0,1,70,0,0,12,0,250,4,"להשכרה !! מחיר: 6850 ש""ח ברחוב ז׳בוטינסקי בין דיזנגוף לאבן גבירול מיקום פגז ! דירת 3 חדרים 70 מטר משופצת ויפה בבניין נעים , סלון גדול עם ויטרינה גדולה הדירה מוצפת אור. חדרי שינה מרווחים. הדירה מעולה לזוגות או שותפים ! חשבונות זולים חוזה קל. בעלי בית מקסימים ! תאריך כניסה 1.4.2024 ללא בעלי חיים !",0,0,0,1,0,1,0,0,0,1,6850.0,9,2810.0,https://www.ad.co.il/ad/16128436
דירה,הצפון הישן החלק הצפוני,בן יהודה 222,2.0,2,60,0,0,12,0,100,4,"דירה של 2 חדרים,כ - 60 מטר פונה לעורף. מסודרת מוארת מטבח עם פינת עבודה. חדרי שינה עם מזגן. מוארת בניין מטופח ומסודר ""אפשרות למרוהטת"". כניסה מידית.",0,0,0,1,0,1,0,0,0,1,7500.0,7,2682.0,https://www.ad.co.il/ad/15223375
דירה,הצפון הישן החלק הצפוני,יוחנן הורקנוס 4,2.0,1,5,0,0,12,0,230,4,"להשכרה !! מחיר: 6200 ש""ח רחוב: הורקונוס הצפון הישן דירה של 2 חדרים,כ - 55 מטר, מסודרת מוארת מקסימה ואיוכתית. סלון עם פינת עבודה. חדר שינה עם מזגן. קומה קרקע גבוהה. רהוט חלקי. כניסה: 7.3.2023",0,0,0,1,0,0,0,0,0,1,6200.0,5,3279.0,https://www.ad.co.il/ad/15105883
דירה,הצפון הישן החלק הצפוני,יריחו 5,2.0,0,50,0,0,12,0,200,4,בסימטאות מתחם בזל ברחוב יריחו המבוקש מתפנה לה דירת 2 חדרים בקומה קרקע 50 מ״ר הדירה שמורה היטב מעולה לזוגות או יחידים ! תאריך כניסה גמיש ‏מציאה אמיתית לא לפספס !,0,0,0,1,0,1,0,0,0,0,5200.0,4,2851.0,https://www.ad.co.il/ad/16062956
דירה להשכרה,הצפון הישן החלק הצפוני,ירמיהו,2.0,0,50,0,0,12,0,0,4,"בקרבת הפארק והים ...מרווחת, יפהפייה...ממוזגת, עורפית ושקטה. לפרטים נוספים אבן שהם נכסים 03-6055353.",0,0,0,1,1,0,0,0,0,0,3000.0,4,2870.0,https://www.ad.co.il/ad/6641199
דירה,הצפון הישן החלק הצפוני,שדרות נורדאו 6,3.0,3,70,0,0,12,0,250,4,"רחוב: שדרות נורדאו הצפון הישן שלושה חדרים על שדרות נורדאו (בין דיזנגוף לסוקולוב), 2 דקות הליכה מהפארק, 4 דקות הליכה מהים 60 מטר. שלושה כיווני אוויר. מוארת. קומה שלישית ללא מעלית. מזגן בכל חדר, צבועה ומסודרת, לא משופצת. מתאימה לשותפים. כניסה 1/8. מותר ורצוי בעלי חיים. ארנונה וועד בית נמוכים מאוד.",0,0,0,1,0,0,0,0,0,1,7500.0,9,3586.0,https://www.ad.co.il/ad/15907376
דירה,הצפון הישן החלק הצפוני,שד׳ נורדאו 93,2.0,3,60,0,0,12,0,180,4,"לא מתיווך. בעלת בית הגונה, מרצה באוניברסיטת תל אביב, מחפשת דיירים הגונים. דירה יפה ומוארת, 2 חדרים גדולים נפרדים, הול, מרפסת גדולה על השדרה, מרפסת שירות מהמטבח. שירותים ומקלחת משופצים. קומה 3 ללא מעלית. מתאימה גם לשותפים. הבניין מיועד לתמ״א חיזוק (לא פינוי בינוי). תינתן הנחה מוסכמת בתקופת העבודה למי שיבחר להישאר. קרוב לבזל, לפארק הירקון ולתחבורה ציבורית. בבקשה לשלוח הודעה בוואטסאפ לדבורה.",0,0,0,1,0,0,0,1,1,0,6000.0,7,2997.0,https://www.ad.co.il/ad/16084612
דירה,הצפון הישן החלק הצפוני,בזל 49,1.5,2,50,0,0,12,0,220,3,"המחיר לחודש 5600 ש""ח כולל ארנונה!! בבזל דירה עורפית, שקטה ומסודרת. לדירה תיקרות גבוהות וכולה מרוצפת ברצפות קרמיקה לבנות יפות. בכניסה עשנו הול לפינת אוכל. ישנו מטבח עם ארונות מטבח לבנים עליונים ותחתונים עם שיש גרניט שחור. בנוסף יש מטבחון לבישול. ישנה אמבטיה ועם שירותים נפרדים. ישנו חדר שינה מרווח עם מזגן וארון קיר מובנה לבן. בסמוך לו ישנה מרפסת סגורה בגודל של חדר. לדירה יש שלושה כיווני אויר ונמצאת במיקום מעולה.. בבזל!!",0,0,0,1,0,1,0,1,1,0,5600.0,7,2829.0,https://www.ad.co.il/ad/13526429
דירה,הצפון הישן החלק הצפוני,עובדיה מברטנורה 3,2.0,2,65,0,0,12,0,190,4,"רחוב: עובדיה מברטנורה הצפון הישן \ מתחם בזל דירה של 2 חדרים,כ - 65 מטר כל חדר עם מרפסת סגורה מוארת ושקטה 2 כוון אוויר. מטבח נטו,עם מקום למכונתת כביסה. מקלחת ושרותים ביחיד,בנוסף עוד שרותים ומקלחת. מיקום שקט ברחוב,בניין עם מקלט. בניין עם מקלט,עם אינטרקום. כניסה מידית.",0,0,0,1,0,0,0,1,0,1,7500.0,8,3570.0,https://www.ad.co.il/ad/16206912
דירה,הצפון הישן החלק הצפוני,בזל 4,3.0,2,75,0,0,12,0,250,4,"להשכרה !! מחיר: 8000 ש""ח הצפון הישן ‏במתחם בזל המבוקש ! מתפנה לה דירת 3 חדרים 75 מ״ר מסודרת היטב עם חדרים ענקים ותקרות גבהות ! סלון גדול פתוח למטבח ! חדרי שינה גדולים ומרווחים מאוד ! מרפסת שמש מדהימה עם נוף לרחוב ! הדירה מוארת ומאווררת מאוד ! חשבונות נמוכים,הסכם שכירות קל ! תאריך כניסה מיידית/גמיש !",0,0,0,1,0,0,0,1,0,1,8000.0,9,2406.0,https://www.ad.co.il/ad/15473433
דירה,הצפון הישן החלק הצפוני,מלאכי,3.5,2,125,0,0,12,0,0,4,"בקרבת נמל ת""א!! ברחוב קטן ויוקרתי... דירה יחידה בקומה! איכותית ומיוחדת!! מעוצבת ומשופצת ברמה גבוהה! מטבח מאובזר מלא!! בניין חדש עם מעלית, חניה תת קרקעית פרטית בטאבו! כניסה 15.8.24 לתקופה ארוכה, אינה מתאימה לשותפים, ללא חיות מחמד",1,0,1,1,1,0,0,1,1,1,18000.0,11,3148.0,https://www.ad.co.il/ad/16191231
דירה,הצפון הישן החלק הצפוני,סוקולוב 88,3.0,2,70,0,0,12,0,200,4,"רחוב סוקולוב - עובדיה, 3 חדרים משופצת סמוך לשדרות נורדאו כ 70 מ""ר קומה 1 ללא מעלית משופצת נעימה שקטה ומוארת מאוד, 2 חדרי שינה גדולים מאוד שירותים 1, מקלחון 1 דוד חשמל בדירה ארון, כיריים חשמל, קולט אדים מתאים לזוג+ / 2 שותפים אפשר בע״ח כניסה 1.8",0,0,0,1,0,0,0,0,0,1,8500.0,3,3451.0,https://www.ad.co.il/ad/14084415
דירה,הצפון הישן החלק הצפוני,שדרות מוצקין  6,2.0,1,47,0,0,12,0,200,4,"הצפון הישן דירה של 2 חדרים,כ - 47 מטר,פונה לעורף משופצת ומסודרת מטבח פתוח לסלון. פלוס פינת אוכל. חדר שינה עם מזגן מקלחת ושורתים בנפרד. מוארת. רחוב סופר שקט,הליכה לכל מקום ברגל.נגישות. בניין עם קודן קומה 1,בניין עם קודן ואינטרקום. כניסה מידית",0,0,1,1,0,0,0,0,0,1,5500.0,5,2387.0,https://www.ad.co.il/ad/16068608
דירת גן להשכרה,הצפון הישן החלק הצפוני,ויתקין,3.0,0,100,120,0,12,0,0,2,"בבניין חדש ברחוב שקט וחד סיטרי המקביל לים ( חוף הילטון ) !!! גינה עורפית של 120 מר !!! הדירה חדשה לחלוטין סלון מרווח , 2 חדרי שינה גדולים ושווים בגודלם . 4 כיווני אוויר !!! מציאה אמיתית",1,0,0,1,0,1,0,1,0,1,11000.0,0,2594.0,https://www.ad.co.il/ad/6637586
גג/פנטהאוז,הצפון הישן החלק הצפוני,עובדיה מברטנורה 10,1.5,4,35,100,0,12,0,110,4,"להשכרה מיידית דירת גג מקסימה וקטנה במתחם בזל בתל אביב . בדירה סלון+ חדר שינה + אמבטיה מרווחת במתחם בזל , גג 80 מ""ר מהסלון , 4 כ""א , לחזית , שקטה וללא שכנים 6500 ש""ח.",0,0,0,0,0,0,0,1,0,0,6500.0,6,3622.0,https://www.ad.co.il/ad/14508727
דירה,הצפון הישן החלק הצפוני,שמעון התרסי 10,2.0,2,65,0,0,12,0,100,4,"רחוב שקט, קרוב לפרק הירקון, מוארת, מתאימה לזוג",0,0,0,1,0,0,0,0,0,0,6000.0,0,3695.0,https://www.ad.co.il/ad/16188822
דירה,הצפון הישן החלק הצפוני,יפה נוף 1,1.0,0,20,0,0,12,0,40,4,"ברחוב יפה נוף פינת מוצקין דירת חדר 20 מ''ר בקומת הקרקע ריהוט חלקי ארון, מזגן, כיריים מחיר 3500 שח לחודש כניסה מיידית ועד בית 80 שח לחודשיים מיקום מעולה 10-8 דקות הליכה מחוף הילטון, נורדאו, מציצים ונמל תל אביב מרחק 5 דקות הליכה לרחובות ארלוזרוב, זבוטינסקי, ובן יהודה מרחק 20-22 דקות הליכה מכיכר דיזנגוף, כיכר רבין ומכיכר המדינה להתקשרות או ואטסאפ 054-4222290",0,0,0,1,0,1,0,0,0,0,3500.0,1,2992.0,https://www.ad.co.il/ad/16167668
דירה,הצפון הישן החלק הצפוני,"כ""ג יורדי הסירה 4",3.0,2,70,0,0,12,0,500,4,"ברחוב יורדי הסירה - הירקון, 3 חדרים עם ריהוט בבניין מתוחזק ושמור קומה 3 ללא מעלית כ 65 מ״ר שמורה שקטה ומוארת מאוד סלון מרווח פונה לדרום מואר מאוד, חדר שינה מרווח עם פינת עבודה וחדר נוסף קטן למיטה וארון. בדירה ארונות, מקרר תנור כיריים ומכונת כביסה שירותים ואמבטיה 1 דוד שמש מתאים לזוגות / 2 שותפים כניסה 1.8",0,0,0,1,0,0,0,0,0,1,7200.0,5,3999.0,https://www.ad.co.il/ad/15851964
דירה,הצפון הישן החלק הצפוני,יוחנן הורקנוס 5,3.0,2,6,0,0,12,0,150,4,"רחוב: הורקנוס הצפון הישן דירת 3 חדרים כ - 74 מטר. עם מרפסת שמש של 6 מטר. מעוצבת אדריכלית משופצת עד היסוד, מוארת עם מרפסת שמש פרקט פישבון, תקרות גבוהות, מוצרי חשמל מלאים. תריסים חשמלים זכוכית טריפל גלאס, קומה: 2 כיווני אוויר: מזרח ומערב ריהוט: מדיח, מקרר, תנור וכיריים, מכונת כביסה ומייבש, 3 טלוויזיות ארנונה: כ225 לחודש ועד: כ120 מתאימה לשותפים \ זוג פלוס אחד כניסה מידית.",0,0,0,1,0,0,0,1,0,1,10000.0,7,3276.0,https://www.ad.co.il/ad/14310526
דירה,הצפון הישן החלק הצפוני,מיכה 11,2.0,0,65,0,0,12,0,120,0,"דירה מרווחת,גבוהה מהקרקע 4 מדרגות. לא לשותפים קרוב לחוף מציצים ,נמל תל אביב,פארק הירקון. ללא חיות מחמד",0,0,0,0,0,0,0,1,0,0,6000.0,8,3879.0,https://www.ad.co.il/ad/13222920
דירה,הצפון הישן החלק הצפוני,בזל 1,3.0,2,100,0,0,12,0,140,4,"דירת 3 חדרים ברחוב שקט באזור בזל. כ - 100 מ""ר – מרווחת ומוארת בסלון, מרפסת – סלון ומטבח מרווחים ומרוהטים (מקרר, ספה וכו'), בחדר ארון קיר גדול, מזגן, חדר אמבטיה כולל מכונת כביסה ומייבש. דירת שני שותפים, הדירה ללא חניה, הדירה קרובה לים. הדירה ממוקמת במיקום מרכזי לתחבורה ציבורית, סופרים ועוד. מחפשת שותפ.ה. לא מעשן.ת נקי.ה ומתחשב.ת. גיל 27+. כניסה מיידית.",0,0,0,0,0,0,0,0,0,0,3500.0,8,2385.0,https://www.ad.co.il/ad/15906581
דירה,הצפון הישן החלק הצפוני,ירמיהו 4,2.5,4,75,0,0,12,0,250,4,"רחוב:ירמיהו בפריים לוקיישין בקרבת פארק הירקון, חוף מציצים , נמל תל אביב , בתי הקפה וברים דירה יפה עם מרפסת שמש מפנקת גודל - כ-75 מטר ללא מעלית מרפסת שמש חדרים -2.5 קומה 4 מתוך 4 דירה שמורה בעלי חיים באהבה נשאר בדירה ריהוט חלקי ועד - 135 ₪ לחודש כניסה - 30.4.23",0,0,0,1,0,0,0,1,0,1,8000.0,12,3896.0,https://www.ad.co.il/ad/15434002
דירה,הצפון הישן החלק הצפוני,טהון יהושע 6,2.5,2,90,0,0,12,0,120,5,"להשכרה !! ברחוב טהון - דיזנגוף, 4 חדרים משופצת קומה 2 ללא מעלית כ 90 מ״ר משופצת כחדשה עורפית ושקטה, חדרים מרווחים כשווים, חדר ארונות שירותים נפרדים אמבטיה 1 + מרפסת שירות דוד שמש בדירה פינת אוכל מקרר ותנור גז מתאים ל3 שותפים אפשר בע״ח כניסה מיידית",0,0,0,1,0,0,0,0,0,1,10500.0,7,14729.0,https://www.ad.co.il/ad/14966677
גג/פנטהאוז,הצפון הישן החלק הצפוני,בזל 6,3.0,3,70,0,0,12,0,200,3,רחוב: בזל הצפון הישן דירת גג פנטהאוז 3 חדרים +גג במפלס משופצת מטבח מאובזר ללא מעלית וחניה כניסה מידית.,0,0,0,1,0,0,0,1,0,1,8900.0,4,2419.0,https://www.ad.co.il/ad/14783851
דירה,הצפון הישן החלק הצפוני,,4.0,4,122,0,0,12,0,715,5,"בבניין חדש ובוטיקי דירה מדהימה ומעוצבת. מטבח מרווח עם אי, ריצוף עץ תלת שכבתי, נגרות ארונות בהלבשה. חדרי רחצה מושקעים. לביקור בנכס לפנות לעמיחי",1,0,1,1,1,0,0,1,1,1,18000.0,4,0.0,https://www.ad.co.il/ad/16191447
דירה,הצפון הישן החלק הצפוני,דיזנגוף 279,2.0,3,50,0,0,12,0,100,4,"קומה 3 עם מעלית. רואים ים. מיקום מצוין! 5 דקות מנמל תל אביב, חוף מציצים, הטיילת והירקון. קרובה לחניון רידינג. שירותים כפולים! פרקט חדש. תריסי אור חשמליים. דירה מרוהטת קומפלט, משופצת ומעוצבת ברמה גבוהה. מאובזרת. כולל הכל - מצעים, מגבות, כלי מטבח וכו'. רק להביא מזוודה עם בגדים. מזגן בכל חדר. מכונת כביסה ומייבש. אינטרנט + טלוויזיה + כבלים.",0,0,1,1,0,0,0,0,1,1,6500.0,9,2964.0,https://www.ad.co.il/ad/16062290
דירה,הצפון הישן החלק הצפוני,מיכה,2.5,1,70,0,0,1,0,0,3,"נכס מספר: 9699, דירה משופצת, מאורת ויפיפיה !!, מטבח פתוח לסלון, מיקום מבוקש ביותר קרוב לים בצפון, מעלית, חזיתית",0,0,1,1,0,0,0,0,0,1,7500.0,4,3852.0,https://www.ad.co.il/ad/16191046
